{"max": [-0.00525931, 1.38086, 3.60763], "centroid": [-0.7933639589299422, 0.5816220838855686, 1.898637773500772], "id": "1a56d596c77ad5936fa87a658faf1d26", "numVertices": 24223, "min": [-1.57259, 0.0, 0.00731641]}
