{"max": [1.88725, 2.9545, 5.98851], "centroid": [0.4098253941525585, 1.56579602775783, 2.471205225011789], "id": "1a7125aefa9af6b6597505fd7d99b613", "numVertices": 24030, "min": [-1.02689, -0.0137832, -0.749168]}
