{"max": [7.48548, 6.15694, 32.1889], "centroid": [5.813225457539859, 1.333183559021583, 27.356464611425142], "id": "1a1de15e572e039df085b75b20c2db33", "numVertices": 38860, "min": [4.1371, -0.241589, 24.042]}
