{"max": [1.79526, 0.669139, 1.3795], "centroid": [0.7885939662342251, -0.04490843909317665, -0.8370069613265019], "id": "1a0bc9ab92c915167ae33d942430658c", "numVertices": 19816, "min": [-0.211489, -0.653694, -2.66363]}
