{"max": [-0.351571, 1.57881, 4.35576], "centroid": [-1.2615441009586252, 0.4879818648276684, 1.183502294329075], "id": "1a3782ae4bd711b66b418c7d9fedcaa9", "numVertices": 58836, "min": [-2.2415, 0.0, -0.922404]}
